{
	"skin-name": "simplictiy",
	"preview-bg": "#666666",
	"text": "#b5b9bf",
	"text-inverse": "#000000",
	"text-disabled": "#6e737a",
	"has-gradients": true,
	"has-radius": true,
	"has-boxshadow": false,
	"btn-text": "#9a9a9a",
	"btn-text-shadow": "#ffffff",
	"btn-bg": "#ffffff",
	"btn-bg-hlight": "#ffffff",
	"btn-border-top": "rgba(255,255,255,1)",
	"btn-border-right": "rgba(255,255,255,1)",
	"btn-border-bottom": "rgba(255,246,246,1)",
	"btn-border-left": "rgba(255,255,255,1)",
	"btn-split-border": "#202a33",
	"btn-primary-text": "#ffffff",
	"btn-primary-text-shadow": "#333333",
	"btn-primary-bg": "#ffffff",
	"btn-primary-bg-hlight": "#ffffff",
	"menu-bg": "#ecf0f1",
	"menu-border": "#ecf0f1",
	"menuitem-text": "#525252",
	"menuitem-bg-selected": "#e1e1e1",
	"menuitem-bg-selected-hlight": "#e1e1e1",
	"menuitem-separator-top": "#b5b5b5",
	"menuitem-separator-bottom": "#b5b5b5",
	"menuitem-text-inverse": "#525252",
	"menuitem-bg-active": "#e1e1e1",
	"menuitem-text-active": "#525252",
	"menuitem-preview-border-active": "#e1e1e1",
	"checkbox-border": "#202a33",
	"checkbox-border-focus": "#1e7dad",
	"panel-border": "#c6c6c6",
	"panel-bg": "#ffffff",
	"panel-bg-hlight": "#ffffff",
	"textbox-bg": "#515c67",
	"textbox-border": "#202a33",
	"textbox-border-focus": "#1e7dad",
	"window-bg": "#404952",
	"window-border": "#9e9e9e",
	"tab-bg": "#2f3949",
	"tab-bg-hover": "#404952",
	"tab-bg-active": "#404952",
	"tab-border": "#202a33",
	"colorbtn-backcolor-bg": "#384552",
	"grid-border": "#d6d6d6",
	"grid-border-active": "#d6d6d6"
}